Destination Port,Flow Duration,Total Fwd Packets,Total Backward Packets,Total Length of Fwd Packets,Total Length of Bwd Packets,Fwd Packet Length Max,Fwd Packet Length Min,Fwd Packet Length Mean,Fwd Packet Length Std,Bwd Packet Length Max,Bwd Packet Length Min,Bwd Packet Length Mean,Bwd Packet Length Std,Flow Bytes/s,Flow Packets/s,Flow IAT Mean,Flow IAT Std,Flow IAT Max,Flow IAT Min,Fwd IAT Total,Fwd IAT Mean,Fwd IAT Std,Fwd IAT Max,Fwd IAT Min,Bwd IAT Total,Bwd IAT Mean,Bwd IAT Std,Bwd IAT Max,Bwd IAT Min,Fwd PSH Flags,Fwd Header Length,Bwd Header Length,Fwd Packets/s,Bwd Packets/s,Min Packet Length,Max Packet Length,Packet Length Mean,Packet Length Std,Packet Length Variance,FIN Flag Count,SYN Flag Count,PSH Flag Count,ACK Flag Count,URG Flag Count,Down/Up Ratio,Average Packet Size,Avg Fwd Segment Size,Avg Bwd Segment Size,Fwd Header Length.1,Subflow Fwd Packets,Subflow Fwd Bytes,Subflow Bwd Packets,Subflow Bwd Bytes,Init_Win_bytes_forward,Init_Win_bytes_backward,act_data_pkt_fwd,min_seg_size_forward,Active Mean,Active Std,Active Max,Active Min,Idle Mean,Idle Std,Idle Max,Idle Min,label_multiclass,label_binary
-0.660219,-0.27003175,0.43901703,0.2330428,-0.36891428,-0.085285924,-0.24289785,0.36892414,0.039561383,0.64626104,0.15199688,-0.057806794,0.6066902,0.10058319,0.3873838,0.37979022,0.48041016,0.80165035,0.16657293,0.11445979,0.78873056,0.33154184,0.8042301,-0.096684776,-0.075537965,0.4501891,0.18144506,0.5205953,0.3963274,0.7616132,-0.3481099,0.14778969,-0.3953145,-0.29232693,0.23296867,-0.14975964,0.06889567,0.5117692,0.24247997,0.17107092,0.3331258,0.1108777,0.48870823,0.24462348,0.22582321,-0.21258,0.47433248,0.51845264,0.11672316,0.15146966,0.1593842,0.56999415,-0.094054274,0.45165905,-0.5286828,0.10850423,0.41005787,-0.59003776,0.70470184,0.06343218,0.7922839,0.6276476,0.91257,-0.07038167,0.76450884,0.8868552,4,1
-0.87834066,-0.7276369,0.7117951,0.73035526,-0.3085062,-0.71114826,-0.11327314,0.09844011,-0.06689039,0.8956146,0.004842363,-0.40511215,0.30485693,0.1139673,0.14269558,0.67989385,0.2797228,0.18023796,-0.54104275,0.8674245,0.15957785,0.39500442,0.3927873,-0.47949782,0.45999366,0.5911404,0.47825658,0.45690417,-0.10142767,0.59360015,0.10658355,-0.77766246,-0.54338044,-0.589067,0.6949989,0.1724081,0.23437479,0.0022235326,0.3876126,-0.24438886,-0.062027756,-0.005286823,0.49981552,0.26744774,0.5402573,0.109108225,0.27580175,0.2734743,0.51016855,0.5258197,-0.17593347,0.054013964,0.15671127,0.09524616,-0.46071887,-0.4327616,0.668614,-0.7880295,0.31908128,0.57366496,0.402887,0.72565997,0.6910208,-0.41027784,0.6116447,-0.11797513,3,1
-0.6623363,-0.82262444,0.53871405,-0.35134023,-0.6274337,-0.852586,-0.6884505,0.49364755,-0.4062175,0.41989446,-0.72663456,-0.39388224,-0.59890723,-0.7172376,0.4025381,0.33220944,0.50461304,0.5928855,-0.48403147,0.7150546,0.051476445,0.38992998,-0.12387034,-0.53106827,-0.32831755,0.6458928,0.42004904,0.16779247,-0.5449469,0.8628966,0.20616159,-0.90372944,-0.39031228,-0.35519272,0.7678538,0.087998904,-0.32650498,-0.79552114,-0.50903964,-0.84263986,0.0880742,0.26370755,0.46420547,0.18538803,0.07276737,0.020342236,-0.41676956,0.23387806,-0.7607047,-0.24142656,-0.23522393,-0.43050918,-0.73101354,-0.70349294,0.556055,0.14945623,0.34794253,-0.41017997,0.562122,0.31335524,0.44766212,0.42146075,0.092336625,-0.43582743,0.6127261,-0.3920564,10,1
-0.97208375,-0.73704785,0.32773304,0.022964038,-0.6778409,-0.63990444,-0.5297997,0.26355433,-0.6709836,0.62432826,-0.82405305,-0.114423245,-0.7618281,-0.34256503,0.29479474,0.28365672,0.57400924,-0.11569961,-0.8240277,0.6482355,0.19242269,-0.0778388,-0.12039278,-0.49918354,-0.6650521,0.20214957,-0.048011642,-0.7415224,-0.4629046,-0.38837597,-0.46219674,-0.61797476,-0.0817071,-0.12752227,0.74139166,0.16588706,-0.65126514,-0.57170814,-0.2942286,-0.287959,-0.23494746,0.35334727,0.3637276,0.05539121,0.120931014,0.18212406,-0.24912535,0.522909,-0.30042037,0.38681418,-0.37272298,-0.45256835,-0.38501808,-0.4575221,0.39539436,0.6296639,0.077539735,-0.5296977,0.3093449,0.30081517,-0.12641966,0.4892417,0.15734597,-0.25507954,0.14951849,0.36527315,11,1
-0.8698736,-0.80490756,0.017447764,-0.42334044,-0.32882246,-0.24817236,-0.5028431,0.25631258,-0.631598,0.7992633,-0.61664844,-0.46970296,-0.76965183,-0.4649814,0.18588687,0.33918878,0.63387454,0.18407504,-0.6683579,0.6209096,-0.12769993,0.14580378,-0.03430078,-0.54785967,-0.8333532,-0.20274241,-0.6743183,-0.73578686,-0.46765453,-0.22019772,0.3361419,-0.45010102,-0.47869006,-0.32251132,0.49840626,0.2472212,-0.7411923,-0.667982,-0.695503,-0.6620346,-0.62722266,0.44160143,0.61875504,-0.2679833,0.21842186,-0.30383906,-0.39490366,0.30726728,-0.6320111,0.3905017,-0.13387795,-0.5275957,-0.0353894,0.046249654,0.46239397,0.7568399,-0.17939653,0.09220706,0.30707592,0.2360661,-0.2929936,0.6664399,0.087135136,0.37683734,-0.22038823,-0.2755415,11,1
-0.95990235,-0.6112406,0.698315,0.21397981,-0.30859122,-0.45845968,-0.37036005,0.38087025,-0.72475797,0.35223565,-0.47819078,-0.45178178,-0.74395174,-0.35412723,0.69866776,0.13777286,0.16845605,0.0634297,-0.78799987,0.5134216,0.09860432,0.3595054,-0.06053382,-0.78407663,-0.5855993,-0.19492622,-0.6200287,-0.50534636,-0.78764623,-0.5992193,0.18086474,-0.8392459,-0.49009347,0.20457691,0.6989169,0.15065493,-0.5932299,-0.54507685,-0.68539596,-0.38733464,-0.5709863,0.6878744,0.47049636,0.39440772,0.71698964,-0.16336383,-0.30918995,0.26712933,-0.1277823,0.68879247,0.18628792,-0.5556994,-0.09247018,0.50824714,0.25218588,0.43250299,-0.17667057,-0.6600133,0.7852815,0.3349647,0.10447199,0.6244325,-0.027995288,-0.108694956,-0.12820601,-0.19347444,5,1
-0.9138677,-0.06191034,0.38088477,-0.3276795,-0.41153747,-0.581301,-0.17168675,0.5709012,-0.74669,0.072437905,-0.69487166,-0.47999865,-0.50255936,-0.7119278,-0.1199425,0.56141734,0.34689665,0.30580112,-0.66303474,0.52016014,-0.45616388,-0.38400784,-0.030167423,-0.5489048,-0.73497045,-0.112910405,-0.37316313,-0.5611904,-0.7404461,-0.20288397,0.44098863,-0.8200366,0.12064396,-0.15883315,0.7705693,-0.1806941,-0.82046366,-0.46617755,-0.6351688,-0.47952548,-0.58856785,0.7544284,0.098406896,0.65968716,0.6864585,0.24405727,-0.29035386,0.34816006,-0.56195104,0.5654327,0.31660956,-0.7954227,-0.5029144,-0.18465453,-0.088146396,0.70405143,0.49990344,-0.31613022,0.6849713,-0.027900804,-0.27693802,0.31810874,0.18361226,0.03625368,0.5082716,-0.148005,5,1
-0.3398623,0.1367984,0.35085496,0.6381481,-0.24971835,-0.23514047,-0.2974349,-0.15927036,0.6823127,0.8955552,0.6840436,0.068943866,0.6195542,0.5155366,-0.3483012,0.15535249,0.6020603,0.4031968,0.5977962,0.13557385,0.68787134,0.056992076,0.68943524,0.1946132,0.33214596,0.4478308,0.4261277,0.72088146,0.26747707,0.7808349,-0.50234115,0.12103388,-0.038502857,-0.014425677,0.62594604,-0.0329507,0.08732041,0.86410296,0.72371465,0.29831803,0.76440835,-0.19046196,0.53272915,-0.14974162,0.6032157,0.049856894,0.7646447,0.7518578,0.29363108,-0.17410465,-0.01499536,0.30293602,-0.5216037,0.0051570823,-0.7829982,-0.5992183,0.0481246,-0.73169607,0.099823065,-0.40379554,0.72543156,0.5505948,0.8826763,0.24893612,0.9483096,0.87832147,4,1
-0.60385644,-0.25373438,0.8360565,0.5987482,0.11491118,-0.839788,-0.6252426,0.5128802,0.35295865,0.90266687,-0.06672283,-0.09079253,0.16809712,-0.13947399,-0.04432134,0.49077553,0.57153517,0.7435387,-0.08810098,0.6953216,0.5721634,-0.053770367,0.7355873,-0.57688314,0.14329727,0.5568066,0.57175654,0.64668673,0.42642242,0.79075694,0.2656378,-0.77923435,-0.13791066,0.28783455,0.4794923,0.34060276,-0.11397827,0.047456056,0.036249705,-0.2951493,0.06751485,0.73056114,0.43805894,0.49870536,-0.15412347,0.12297563,0.14525832,0.79410714,-0.3352973,-0.04128423,-0.106994346,0.7294769,-0.07620404,-0.34719792,-0.51516896,-0.33786982,0.6542751,-0.6600961,0.7963265,0.06364264,0.56886655,0.80780673,0.5567443,-0.22749451,0.8721819,0.6612951,9,1
-0.9046864,-0.7579271,0.31326994,-0.38076043,-0.5526823,-0.6608739,-0.17259696,0.21965827,-0.2391075,0.49509895,-0.7582336,-0.2157175,-0.80968237,-0.851996,0.30676192,0.61993295,0.4114969,0.38948992,-0.7538008,0.6256613,-0.058135774,0.37384155,-0.4018717,-0.36674517,-0.3679404,0.4572112,0.253984,-0.100042604,-0.52223235,0.67132986,0.26055396,-0.8124986,-0.6489833,-0.4405111,0.8379686,0.13728692,-0.6023708,-0.8875931,-0.66287583,-0.9240027,-0.64267474,0.42738843,0.5631063,-0.16572608,0.17929468,-0.24959002,-0.5582685,0.24610594,-0.7959567,0.5240998,-0.04394816,-0.47055522,0.15231097,-0.23871009,0.5552211,0.34739506,0.3364648,-0.2801298,0.60546917,0.42939863,0.14365065,0.5502252,0.6499535,-0.14859739,0.397714,0.29426247,7,1
-0.8418182,-0.6875755,0.49250844,-0.32978114,-0.66882944,-0.2387651,-0.42151865,0.2106207,-0.29165927,0.68405473,-0.7691227,-0.3846592,-0.49617937,-0.64109236,0.45487288,0.05073528,0.32165322,0.69638836,-0.7736126,0.579174,0.17494015,0.380062,-0.28411746,-0.42768806,-0.20952643,0.40214056,0.21766414,0.028757479,-0.5259881,0.52923644,0.48879758,-0.6859774,-0.12730314,-0.16773231,0.71251404,0.04805683,-0.5430741,-0.77013326,-0.6342447,-0.7677588,-0.38608983,0.2331426,0.16265307,-0.3635456,0.29837364,-0.23064269,-0.48743382,0.16812022,-0.693341,0.22848709,-0.053218715,-0.3252769,-0.46376377,-0.2429442,0.2727859,0.38343707,0.1709086,-0.22140825,0.5324007,0.3829393,0.6043796,0.56655866,0.7107405,-0.026097838,0.27813178,0.30946955,7,1
-0.8200407,-0.08953601,0.2217052,0.0773196,-0.49340016,-0.7283186,-0.05864984,0.43725044,0.087334976,0.58104676,0.18687068,-0.6506947,0.61259425,-0.3989168,-0.4227915,0.75680673,0.4469729,0.0039806454,-0.39865154,0.6829641,0.20881173,-0.35064042,0.305005,-0.3713214,0.39598793,0.0847338,-0.021134432,0.1726521,-0.4292721,0.5199794,-0.2407437,-0.7908341,-0.3525557,0.021793975,0.7912068,0.09017059,-0.17901713,-0.0871919,0.52858156,-0.22338003,-0.14253464,0.41276926,0.47264898,0.07029196,0.020857647,0.318944,-0.28745228,-0.09602567,-0.24910352,0.36274338,-0.23471418,0.06933806,-0.49617603,-0.25845632,-0.507395,-0.62182206,0.39012688,-0.6543344,0.7926674,0.8230313,0.75445074,0.14531425,-0.19236726,-0.30096862,0.5259029,0.12041722,2,1
-0.9011839,-0.6167327,0.70361483,0.33391982,-0.6224959,-0.3421009,-0.67697036,0.06583818,0.39339304,0.5423408,0.17751253,-0.4080654,0.75862586,0.45860827,-0.07947032,-0.034550067,-0.055202894,0.23446877,-0.7316203,0.5993717,-0.16943641,-0.046945855,0.422981,-0.68620056,0.4784866,-0.31845453,-0.12184077,0.2954687,-0.6611798,-0.24583852,0.074700825,-0.60242945,-0.58160645,0.098644,0.52115196,-0.020980185,0.58549845,0.4305848,0.57821786,0.315916,-0.3117435,0.32575533,0.48310068,0.3895666,0.25254992,0.28684095,0.086731546,0.19535415,0.7876089,0.3791291,-0.34619153,-0.18779306,-0.06683482,0.23846063,-0.8610676,-0.6461591,0.4255538,-0.849851,0.6075989,0.6052258,0.61960644,0.81387925,0.22107849,-0.41555065,-0.07663428,0.098935224,2,1
-0.8297348,-0.77777296,0.7105978,-0.063659705,-0.39448968,-0.58412737,-0.5216586,-0.1338502,-0.33426967,0.34203604,-0.778353,-0.5049063,-0.5343684,-0.5378568,0.48782748,0.14717172,-0.34506422,-0.09122321,-0.5465818,0.0949173,0.003928105,0.15494406,-0.50936615,-0.79033744,-0.017382775,-0.041540544,0.19867943,-0.37097466,-0.112048075,0.23343183,0.24644065,-0.48467755,-0.5711038,0.014925117,0.6474009,-0.15190722,-0.10615537,-0.71519446,-0.50366664,-0.55522233,-0.53809965,0.6063901,0.43428093,-0.35270998,0.3660426,-0.24056086,-0.4636602,0.1944716,-0.4488062,0.26886097,-0.20664689,-0.19033243,-0.7151309,0.0212065,-0.15744367,0.4578425,-0.048659235,0.25737673,0.4565384,-0.10923114,0.7355074,0.111778766,0.58779156,0.1809449,0.24109432,0.06153738,7,1
-0.4812928,0.29330504,0.6291531,0.69319785,-0.38117024,-0.13512985,0.22497277,-0.08050467,0.74607176,0.72848564,0.42832088,0.06577839,0.7142278,0.299949,-0.04430869,0.55695444,0.73784965,0.6500132,0.43365878,0.4002142,0.8442148,-0.068610676,0.8003971,0.37474814,0.3177624,0.4413384,0.27693993,0.7783741,0.3946892,0.7275364,-0.5202287,-0.38486472,0.21267197,0.19701625,0.43594855,-0.117763646,0.52242994,0.58167464,0.86678815,0.08339868,0.7480474,-0.23707198,0.2828914,-0.03139087,0.035756804,-0.24588063,0.62227714,0.46664432,0.5618933,-0.25853688,-0.20446713,0.53550524,-0.09287673,-0.15980321,-0.6913406,-0.65376496,0.24838093,-0.9127796,0.35709223,-0.3471762,0.62729985,0.59846663,0.91264105,-0.085203096,0.90210366,0.88636416,4,1
-0.89556086,-0.1732241,0.011813236,-0.4080532,-0.41179985,-0.39349133,-0.0704381,0.32159382,-0.64611655,0.18419918,-0.36733872,0.17988506,0.04826006,-0.45960146,-0.25389367,0.7519167,0.52294695,0.31364447,-0.57070184,0.7111639,-0.00817978,0.0731707,0.2880258,-0.55696297,-0.4919372,-0.32946357,-0.53275734,-0.33410862,-0.67638296,0.4111716,0.32987487,-0.2773161,-0.069788404,0.066258535,0.5151272,-0.16636479,-0.6189843,0.14618993,-0.1477473,-0.35136652,-0.32698026,0.2844927,0.52824205,-0.42587125,0.38996175,-0.68858707,-0.5022081,0.34933543,0.38384068,0.033126596,0.26914403,-0.47507071,-0.63024974,0.3262855,0.001511364,0.8271706,0.19723897,0.095332995,0.6527044,-0.14723226,0.11762137,0.7574084,0.2557255,-0.24467245,0.027705967,-0.1317403,14,1
-0.8959119,-0.48695254,0.45850933,-0.4887526,-0.2946687,-0.3959801,-0.28085166,0.6255846,-0.6276142,0.10813055,-0.8015965,-0.12460045,-0.4782072,-0.6348617,0.20891671,0.25282302,0.3861914,-0.15166855,-0.79491603,0.3569814,0.19047631,-0.016973475,-0.41008192,-0.61703026,-0.37832218,-0.49628997,-0.5223399,-0.49021098,-0.8523081,-0.036373567,0.06540638,-0.6127345,-0.43292072,-0.18096246,0.7923065,-0.36753926,-0.6374407,-0.19258669,-0.4994975,-0.3678865,-0.60446733,0.65997475,0.5612695,-0.0036799593,0.17363147,0.07500304,-0.67626387,0.26671937,-0.29523748,0.36353984,0.21961202,-0.32394478,-0.62599254,0.5969935,-0.41568005,0.7504179,0.016577112,0.0082620885,0.72348094,-0.13860635,0.49979967,0.68952,-0.16015312,0.2530865,-0.40482932,-0.28328037,5,1
-0.7394075,-0.061154336,0.590191,0.6697499,-0.18603353,-0.5138514,-0.34993446,-0.17425461,0.49966797,0.7784816,0.76315737,-0.054449476,0.7405732,0.7352436,-0.33657715,0.42699113,0.2690819,0.34149104,-0.28927073,0.79667354,0.062370297,0.22792014,0.6851654,-0.54424876,0.5087242,-0.14767596,0.36721528,0.8007062,-0.25893223,0.29806396,-0.22380474,-0.69369376,-0.32698473,-0.012573254,0.71172965,-0.29019374,0.24791366,0.46803775,0.91364086,0.26397467,0.059230182,-0.24183059,0.5597267,-0.064096555,0.20580411,0.22803752,0.32056952,0.44058782,0.63935,-0.31166947,0.026887506,-0.17556311,-0.09762654,-0.050657988,-0.8882261,-0.7680861,0.56403893,-0.8686465,0.70988464,0.35264367,0.6799779,0.84131056,0.32684,-0.007663696,0.6518873,0.68768525,2,1
-0.8288907,-0.22953834,0.7503203,0.32082155,-0.28171384,-0.8608485,-0.6207742,0.66981167,0.05078292,0.65850556,-0.48274195,-0.2411612,-0.35072258,-0.47312233,0.08864275,0.2977777,-0.045321256,0.29833964,0.037452538,0.4420718,-0.08641384,0.27028826,-0.035865825,-0.7292659,0.2540388,0.47465366,0.4117264,0.08787175,0.23391761,0.47974235,0.61121666,-0.83140725,-0.49680686,0.13805538,0.7968009,-0.4374443,-0.5440738,-0.5480776,0.16277315,-0.45147565,0.025336072,0.57709706,0.30680385,0.26248622,0.13325249,0.48831433,0.10055686,0.59041435,-0.6946712,-0.16081114,0.22721107,0.01589236,-0.7174389,0.13461736,-0.49356973,-0.20532209,0.65160376,-0.16763563,0.73641616,0.14632283,0.65140826,0.60492224,0.41023666,-0.020184249,0.7230736,0.21695758,10,1
-0.7855613,-0.5243266,0.20435005,0.12546346,-0.24430712,-0.78406763,-0.61119545,0.02799313,-0.21323982,0.7600222,-0.5389207,-0.6892457,-0.5833132,-0.47535002,-0.33762693,0.32365996,0.11310962,0.1086051,-0.6379217,0.24810228,-0.4059243,-0.058084715,0.007916747,-0.4958866,-0.6171529,-0.08925339,-0.17337115,-0.2652522,-0.38847905,0.5880674,0.49447715,-0.8845662,-0.71477485,-0.4068364,0.69546485,-0.09175558,-0.5840403,-0.57264894,-0.46086168,-0.45228055,-0.73815596,0.7180781,0.3527615,0.45533937,0.5009602,0.4519458,-0.56575334,0.22731547,-0.888412,0.6818103,-0.043922067,-0.6027888,-0.58097,-0.42316443,-0.026053134,0.014163501,0.51376456,-0.19260228,0.6005775,0.5068688,0.16434932,0.44328463,0.06286554,-0.008358418,0.26470444,0.26580614,10,1
-0.9066477,-0.6057923,0.32116523,-0.29194203,-0.38467354,-0.64108396,-0.61613256,0.36440396,-0.3439045,0.51278347,-0.22781923,-0.3102776,-0.027210625,-0.4713886,0.106807366,0.472475,-0.046612047,-0.6014449,-0.6186509,0.26615772,-0.25208354,-0.08757173,-0.18358868,-0.7221364,-0.206322,-0.5965121,-0.5647623,-0.07918613,-0.7263454,0.05096873,-0.02680798,-0.7060325,-0.5977456,0.0924302,0.6009219,-0.5246748,-0.23676974,-0.54651576,-0.53896856,-0.34647268,-0.8682746,0.52256835,0.6159737,0.022631312,0.71036226,-0.18349823,-0.28788567,0.3827444,-0.26534474,-0.05468941,-0.045417544,-0.76222795,-0.5325147,0.3067759,0.040811863,0.3234223,-0.26556244,-0.0677486,0.5858054,0.5613509,0.003237996,0.34376875,-0.55282545,0.008211264,0.11008447,-0.20561565,13,1
-0.6632225,-0.4369272,-0.035747487,-0.37810707,0.13277024,-0.7312793,-0.7827806,0.39501718,-0.04213519,0.39007568,-0.41260406,-0.77418125,-0.35319448,-0.79753965,-0.30320296,0.48779792,-0.2667729,0.02721926,-0.21820602,0.5466684,-0.37013763,0.34595644,-0.57203573,-0.63858366,-0.4024763,0.020557726,-0.35113984,0.12021404,-0.6259333,0.4942773,0.4811744,-0.93012196,-0.6293067,0.030427895,0.79350644,-0.4128967,-0.7509916,-0.6224064,-0.07730417,-0.7490363,-0.5100242,0.4903456,0.6326035,0.12627727,-0.1408605,-0.03829873,-0.66861445,-0.25447872,-0.7370806,0.3632804,0.23269214,-0.34088758,-0.91602546,-0.43610647,-0.1104889,-0.40595916,-0.09791581,-0.29118592,0.7600246,0.3306478,0.6450496,0.48414126,0.1093553,0.028138349,0.2604577,-0.09090777,10,1
-0.78476316,-0.60356075,0.25294015,-0.07802428,-0.39254537,-0.81481445,-0.54927224,0.08216999,-0.08378198,0.68123597,-0.15073588,-0.3814629,-0.40959737,-0.44349152,0.025515523,0.3889648,0.06734497,0.1620843,-0.36890778,0.72623795,-0.39132047,0.029844955,-0.4930428,-0.58943367,-0.474921,0.6301507,-0.12544033,0.1607403,-0.2821471,0.6699017,-0.028762124,-0.7401409,-0.71998733,-0.47631577,0.8055533,0.024863929,-0.21882659,-0.41847643,-0.0405365,-0.4151133,-0.14688262,0.47960076,0.74146277,-0.25464743,0.31947467,0.13563111,-0.4460069,0.14655223,-0.47309643,0.33822858,0.5023612,-0.0028682868,-0.64528936,-0.70638275,-0.09214456,-0.46116912,0.5777013,-0.59327656,0.3908366,0.15072185,0.30864504,0.6456435,0.2325064,-0.07054626,0.4998609,-0.055442262,10,1
-0.91227186,-0.27516186,0.1665471,-0.051289182,-0.26573497,-0.44056,0.07183841,0.08175633,-0.70482796,0.13407506,0.040263154,-0.15358572,-0.28503737,0.077679835,-0.14456035,0.49480578,0.5760257,0.13330163,-0.52644134,0.11842931,-0.07892005,0.4595587,0.39338034,-0.43748692,-0.23722264,0.13080952,-0.59852093,-0.17488138,-0.74004555,-0.06658071,-0.3442602,-0.38542324,-0.31927752,0.13721591,0.61107486,-0.004785293,-0.44588548,0.41269803,-0.13230532,-0.10391984,-0.717025,0.62248224,0.68793285,-0.31873187,0.35193145,-0.90346706,0.35654923,-0.08200271,0.5700288,0.4028239,0.39361724,-0.6563799,-0.64270914,0.2804429,0.4018696,0.8887472,0.008027709,-0.24195835,0.4848972,-0.087448545,0.079519145,0.5473734,0.059985105,0.018681811,0.19832705,0.3815089,14,1
-0.83075905,-0.1588723,0.37274513,0.53741074,0.23830274,-0.79015154,-0.35002816,0.43852273,0.58922815,0.90193015,-0.27724573,-0.6901448,-0.40358466,-0.5284789,-0.096890844,0.6634196,0.32984042,0.8412947,0.51794976,0.76878935,0.62224203,0.55154824,0.25047514,-0.19641517,-0.16883802,0.8910964,0.407116,0.53002787,0.6292324,0.8553658,0.048681267,-0.6466273,-0.31216955,-0.030462932,0.7403594,0.50481224,0.34193793,0.4821021,-0.2936266,-0.44545522,0.6400684,-0.016937692,0.34467244,0.10051147,-0.1978797,-0.2230771,0.29803127,0.56231874,-0.14181985,0.5763137,0.16223791,0.65195334,0.4194563,-0.28516933,-0.77341074,-0.6417384,0.6876055,-0.7497243,0.5611926,0.036322426,0.800263,0.4105787,0.81209123,-0.26073045,0.91790235,0.5932293,9,1
-0.3692803,-0.27419344,0.6712952,-0.11329185,-0.6639412,-0.47310206,-0.61794704,0.10037637,-0.04169498,0.5354109,-0.7898228,-0.29564393,-0.22582011,-0.67141616,-0.14695972,0.28384018,0.0052448814,0.81731415,-0.28076443,0.4201325,0.17387043,0.35568276,0.19460683,-0.77901125,0.017443884,0.6210738,0.56839836,0.49819294,-0.24747592,0.87881196,-0.23711084,-0.7561756,-0.7416242,-0.08964062,0.51388216,-0.2971028,0.12796175,-0.29341853,-0.18489246,-0.61001724,0.33327675,0.05829149,0.50153077,0.26248133,0.16873266,0.16431855,-0.099337645,0.65939236,-0.58545774,-0.05965416,0.1657776,0.48596925,-0.5607441,-0.1942473,-0.46765238,-0.007895147,0.6432756,-0.415771,0.7775994,-0.047538184,0.7939216,0.5639077,0.7756945,0.08909399,0.710633,-0.19554576,6,1
-0.7131953,-0.6640288,0.62289214,-0.37162486,-0.6635309,-0.21829025,-0.6732589,-0.07007058,-0.3669355,0.3854502,-0.75160956,-0.20998837,-0.13883403,-0.3652768,0.0919075,-0.18757524,0.18142624,0.4717468,-0.081990086,0.24466376,-0.16002381,0.19984311,-0.4491549,-0.2627882,-0.23074277,0.42014363,0.31609648,-0.14073543,-0.165532,0.1751196,0.20955361,-0.64758813,-0.47515222,-0.26729724,0.33880854,-0.07555351,-0.28259918,-0.72945577,-0.2697986,-0.5265592,0.03763405,0.26384893,0.20193045,-0.11159949,-0.023175932,0.22218567,-0.4975028,0.3869679,-0.30836695,0.30440506,-0.041543953,0.23542465,-0.68062586,-0.5296955,-0.41008434,0.47639516,0.4387868,-0.5268325,0.3706908,-0.20539056,0.72244275,0.5376903,0.54271185,-0.01603165,-0.18826644,-0.21670651,7,1
-0.83057994,0.10017996,0.6922798,0.54048234,-0.39365375,-0.27794647,-0.30622762,-0.067103066,0.38195056,0.79239327,0.75588167,-0.30596995,0.48249766,0.5592238,0.0806917,0.25535503,0.38463995,0.37304804,-0.28227788,0.7378956,0.20611472,0.42954198,0.43246657,-0.6902313,0.42631724,0.36118662,0.45741102,0.7562927,-0.21991229,0.45466384,-0.42101735,-0.6729422,-0.5187643,-0.13765796,0.6751679,-0.11398452,0.24268709,0.4961896,0.5949172,0.2027389,0.28603202,-0.0036669804,0.73159295,0.030939655,0.029189339,0.22000846,0.6109885,0.27468342,0.5895202,0.030286985,-0.25353342,0.08850986,0.33371708,-0.17198578,-0.8991145,-0.8995592,0.7357888,-0.87670356,0.5678545,0.2829183,0.7182955,0.6923917,0.3044098,-0.35415158,0.6170138,0.70031494,2,1
-0.9372464,-0.23764966,0.1750054,-0.46841657,-0.44208595,-0.34140262,-0.43273985,0.4241272,-0.7902729,0.7697299,-0.6704896,-0.39911592,-0.4597082,-0.25211754,-0.12974793,0.35457093,0.23397231,-0.32508862,-0.44233817,0.20981315,-0.36139718,0.3478564,-0.05159389,-0.6174065,-0.26860294,-0.71038663,-0.872681,-0.4007918,-0.81440824,-0.29879284,0.26283914,-0.41698286,-0.52665687,-0.24859601,0.42111772,-0.08221559,-0.31545287,-0.3469972,-0.24056709,-0.09666232,-0.68688184,0.18689592,0.112942785,-0.347388,0.6497906,-0.52909654,-0.1365429,-0.17319207,-0.03182826,0.524314,-0.0655591,-0.4892342,-0.54688495,0.35628942,0.5455288,0.70672846,-0.3613351,-0.037394155,0.3008192,0.17280696,0.44484517,0.21652812,-0.16565925,0.19397388,-0.17893381,-0.07031005,11,1
-0.87348586,-0.42088085,0.19986594,0.07351315,-0.43626434,-0.59873897,-0.60990924,0.4103553,-0.42117372,0.72112614,0.053133737,-0.24391243,-0.33943713,-0.20098247,0.53418946,0.07641419,0.02362442,-0.12844954,-0.4877473,0.6920509,-0.47788584,0.2135356,-0.4673577,-0.7428666,-0.27331528,-0.27618414,-0.5123201,-0.023229212,-0.61750966,0.010857334,0.021813858,-0.63246447,-0.67495656,-0.14739685,0.45438972,-0.33538502,-0.36831173,-0.39940014,-0.4396125,-0.16137141,-0.67878985,-0.0016796573,0.5480178,-0.12149656,0.7237229,-0.153931,-0.13449422,0.25774166,0.020109743,0.18256287,0.070013136,-0.55879486,-0.2952351,0.35992506,-0.0653515,0.016435856,0.3485585,0.12739295,0.47882143,0.6139379,0.1756259,0.6737407,0.018632133,-0.16287285,-0.08012337,0.07302117,13,1
-0.5057271,-0.7171528,0.57232475,-0.13050054,-0.5469414,0.016638793,-0.5298568,0.2837922,-0.14241989,0.69413346,-0.17784551,-0.46503606,-0.04686747,-0.6290579,0.77233243,0.28646252,0.2375922,-0.115447916,-0.53802633,0.49114504,0.014209158,0.20471503,-0.0012545877,-0.4350032,-0.17180595,0.36652622,-0.39284158,0.26906103,-0.51536995,0.7476224,0.2978341,-0.8462874,0.01926592,-0.20894846,0.5796607,-0.14194097,-0.5649892,-0.68039423,-0.57281244,-0.5761259,-0.45890763,0.54747194,0.18670726,-0.24077411,0.8102528,-0.5157155,-0.2831631,0.11416509,-0.47491226,0.25664896,0.19203004,0.13189292,0.029348318,0.26293173,-0.007118604,0.53597724,-0.13542259,-0.5454893,0.39024863,0.48336327,0.61399555,0.5305239,0.6080053,-0.22961856,0.5487186,0.22018613,1,1
-0.6578129,0.05123419,0.48551136,0.15955131,-0.36685637,0.0426938,-0.095340155,-0.11341453,0.5208153,0.70139337,0.5494847,-0.1880732,0.52937007,0.37195104,0.07845372,0.45889708,0.59440494,0.4176688,0.48398152,0.20478277,0.5066673,0.11155045,0.7718493,-0.32813716,-0.011085995,0.54269654,0.24813204,0.6850417,0.45852607,0.8487639,-0.4322609,-0.013432853,-0.35862452,-0.4580952,0.53626376,-0.22706674,0.26014042,0.67438644,0.59143084,0.37111166,0.7265772,0.02459075,0.5520475,0.026351675,0.7043375,-0.37192354,0.8018225,0.6787154,0.6289749,0.113427855,0.32880747,0.14714895,-0.04318811,0.36858332,-0.650939,0.070698656,0.040423185,-0.8482658,0.36139357,-0.2660724,0.78133595,0.65057814,0.9133507,0.32191274,0.95310545,0.85888946,4,1
-0.93184817,0.4082787,0.52524984,0.37019777,-0.6247725,0.18818964,0.14781341,0.7260984,-0.30710173,0.08312656,0.37049285,0.28969875,0.7930441,-0.050466627,0.32148606,0.73506343,-0.093512304,-0.012998631,-0.542978,0.4640288,0.5699405,0.1079492,0.6238461,-0.86667657,-0.09348451,0.2387331,-0.73987734,-0.013333246,-0.33470604,0.3351515,0.14375742,0.052271646,0.1931212,0.35332045,0.760413,-0.39777908,-0.04752299,0.2755314,0.26318565,0.6602727,-0.4187606,0.24143504,0.03726572,-0.1167918,0.8484178,-0.6110708,0.7315603,0.6166749,0.70545703,0.6621344,0.7198611,-0.40464145,-0.17333071,0.84163636,-0.7108537,0.38547468,-0.61310875,-0.5858399,0.55096906,-0.4020776,-0.13946442,0.72732705,0.24428216,-0.26958808,0.5562673,0.024972752,8,1
-0.7663263,-0.73446745,0.7346266,-0.6124225,-0.47101384,-0.09367423,-0.640076,0.2746216,-0.5626553,0.31199414,-0.88325393,-0.27782935,-0.7172966,-0.7442388,0.12620051,-0.079959,-0.20037766,0.574714,-0.7653703,0.4246384,-0.5212805,0.05444498,-0.2307245,-0.8271868,-0.5873725,-0.13982096,-0.42877573,-0.6899483,-0.70773464,-0.15763961,0.44950527,-0.7576567,-0.70309186,0.101885125,0.45790842,-0.19833258,-0.4973035,-0.75628364,-0.72479385,-0.86070704,-0.6559031,0.6339955,0.18016349,-0.004546842,0.08711577,-0.07614059,-0.82480115,-0.19381583,-0.8188551,0.24297346,0.35914528,-0.33787605,-0.5578022,-0.6720672,0.56768596,0.69106406,-0.114579394,-0.16446747,0.6199869,0.3706957,0.48990777,-0.004937415,0.067286946,0.25018167,-0.1404989,0.010198098,7,1
-0.93130004,0.30007067,0.68832284,0.5918332,-0.3444473,0.23885012,0.05519471,0.33157614,-0.26109347,0.5093989,0.42253676,-0.55603623,0.8509998,0.5076816,0.5689721,0.7166457,0.39765894,0.12908341,-0.56513166,0.71297395,0.2725333,0.48467508,0.5956803,-0.8412578,0.28214356,0.06886823,-0.7471481,0.123512365,-0.65453094,-0.024097009,0.5008364,-0.00196406,0.16262381,0.051927745,0.5523757,-0.008955014,0.099284425,0.4529235,0.29948685,0.8049972,-0.284408,0.6253911,0.033267647,0.033243414,0.50337934,-0.6181357,0.63314515,0.21706428,0.8634189,0.46160567,0.3156078,-0.7226375,-0.41712016,0.9406817,-0.6297182,0.17939559,-0.5453189,-0.7878954,0.5673853,-0.08673891,-0.17922288,0.8737581,0.3654982,-0.7345013,0.4034499,0.17522313,8,1
-0.8757162,-0.48493043,0.24809657,0.20604253,-0.40803596,-0.23210585,-0.17865086,0.17929602,-0.6746251,0.22618464,-0.45278427,0.21309455,-0.16863534,0.18859789,0.28778985,0.5438935,0.5561187,0.46542865,-0.73506206,-0.012330381,0.33769515,0.13794771,0.072458416,-0.35738468,-0.46233666,0.04705617,-0.53099865,-0.5091186,-0.6778179,-0.07406651,0.2759034,-0.27686235,-0.41555476,0.14373977,0.6149859,0.12930547,-0.49587902,0.36410803,-0.18782195,0.09927678,-0.29537073,0.22152376,0.6793435,-0.459192,0.3879919,-0.75449425,-0.013134708,0.35484284,0.67691076,0.67674214,0.49469885,-0.35797,-0.41930518,0.21023285,0.25418684,0.87270325,0.033656158,-0.6721822,0.66952705,-0.21160233,0.10262864,0.6589413,0.43237677,0.35825402,-0.13476895,-0.121075414,14,1
-0.8145242,-0.007757866,0.29921532,0.62426835,0.5105188,-0.6287927,-0.42940363,0.4748858,0.40105844,0.9701782,0.13377286,-0.38330314,0.09253527,0.31590825,-0.21152651,0.36192158,0.4935189,0.8183753,0.46998465,0.8320539,0.51326084,0.3381088,0.66022307,-0.40117446,-0.10917026,0.74536055,0.040785324,0.43722364,0.5645524,0.46330434,0.39318565,-0.5630404,-0.58238083,0.1766499,0.6454743,0.41734418,0.07773617,0.687541,-0.1071396,0.060023516,0.37116757,0.48562187,0.33401373,-0.19763163,-0.36880592,-0.04913926,0.118619815,0.59909844,0.08116035,0.34645694,-0.014693797,0.5124462,0.51936305,-0.24353872,-0.78753567,-0.56993616,0.5117667,-0.914933,0.43585953,-0.38749966,0.56649774,0.7143338,0.48513865,-0.011009725,0.7333358,0.7810664,9,1
-0.83434105,-0.57516265,0.8785684,-0.32412806,-0.17292564,-0.030017888,-0.35023618,0.011236403,-0.26280844,0.52170384,-0.44116887,0.044032007,0.061650965,-0.4746033,0.7308915,0.5070334,0.16686632,0.43823498,-0.56193894,0.45231333,0.42491665,0.011327796,0.35144478,-0.39530307,-0.048134815,0.59090066,-0.029526195,0.17127404,-0.09986344,0.34206945,-0.057036325,-0.62579715,0.07932265,-0.1795074,0.68410134,-0.13331735,-0.23751272,-0.19786482,-0.3363882,-0.3322647,-0.22466215,0.44550386,0.27173078,-0.1549547,0.29285547,0.1540787,-0.43388912,-0.02891582,-0.47044647,0.19952394,-0.3302733,0.15128863,-0.2295259,0.25647625,-0.47353435,0.2501458,0.3457174,-0.5749437,0.54165184,0.15759881,0.20431773,0.65989006,0.6435732,-0.48810613,0.41053107,0.4439463,1,1
-0.81712013,-0.5705484,0.18923552,0.053473447,-0.14184411,-0.7567716,-0.47530523,0.46207553,-0.26852652,0.014324803,-0.8321646,-0.70841974,-0.7086332,-0.60961837,0.013370983,0.12072914,-0.1587871,0.324703,-0.6456108,0.40750155,-0.32898575,0.22464116,-0.62408674,-0.44694206,-0.6748235,-0.07661108,-0.29614288,-0.48931077,-0.5499594,-0.12445234,0.23563737,-0.9503112,-0.70392317,0.27140912,0.60636145,-0.06918677,-0.6490239,-0.42561358,-0.60225236,-0.8301866,-0.55154276,0.5895016,0.4840388,0.37935716,0.14564437,0.38739276,-0.7698371,0.099144906,-0.80474,0.51297307,0.43679243,-0.4987246,-0.55466825,-0.066801384,0.550257,-0.060584404,0.22158787,-0.46241242,0.68677443,0.6492913,0.41570768,0.1415178,-0.10797447,-0.1302112,0.0059024454,0.11412186,10,1
-0.9329541,-0.023195643,0.7938435,-0.3309115,-0.20931637,-0.7334254,-0.7234725,0.5887041,-0.5979806,0.41000342,-0.37657118,-0.5875542,-0.32353455,-0.6120064,0.4239306,0.33795848,0.100282356,0.22656307,-0.54142076,0.3060006,-0.2692837,-0.1675187,-0.18680404,-0.71517617,-0.4145186,0.126775,-0.4617928,-0.23477349,-0.7120176,-0.2716958,0.43031752,-0.9211128,-0.110055536,0.24621055,0.73780024,0.04181571,-0.61630946,-0.4268818,-0.43338114,0.029834399,0.08604949,0.79000735,-0.20027994,0.34619865,0.70246834,0.49477908,-0.38559678,0.6902766,-0.49201185,0.4790336,0.34019887,-0.6570367,-0.6711493,0.36079186,-0.14000078,0.5144732,-0.14401835,-0.6685373,0.7878872,0.026007568,-0.341575,0.7470365,0.1351628,-0.44529298,0.53123474,-0.54112804,5,1
-0.86031264,0.25029087,0.62175393,0.43997073,-0.3615676,0.16749834,0.60765475,0.6236597,-0.45908177,0.5935091,0.44950587,0.20027502,0.707222,0.37792036,0.45617342,0.7751891,0.63058853,0.23483537,-0.32832494,0.25282732,0.5283474,0.0739102,0.6200795,-0.6255156,-0.2814385,0.10597016,-0.8419573,-0.33419567,-0.47371742,-0.12214415,0.07712381,0.12519932,-0.012563879,0.25976577,0.72893786,-0.3757838,-0.059339643,0.46770418,0.25221655,0.27588385,-0.7303221,0.41775498,0.6668062,-0.1166506,0.3322722,-0.3577879,0.7703159,0.10967325,0.71989757,0.38682792,0.7083787,-0.39285555,0.16492419,0.84231853,-0.75619024,0.56374294,-0.45493516,-0.3694798,0.58054686,-0.36121306,-0.063155256,0.7144725,0.043188825,-0.068394154,0.39105415,0.42050475,8,1
-0.9654019,-0.44093108,0.14601167,-0.3707911,-0.15888904,-0.027131692,-0.7280729,0.102063835,-0.72526085,0.6682661,-0.24200858,-0.14290723,-0.48688877,-0.17300677,0.37840724,-0.16409434,0.017580638,-0.3441254,-0.15424487,0.5649619,-0.151305,0.35244492,-0.17695877,-0.5900148,-0.36335334,-0.31803358,-0.8429019,-0.16114773,-0.76969284,-0.5736729,-0.006526549,-0.5124487,-0.6566823,-0.38195232,0.27754256,0.019915003,-0.5625468,-0.31264323,-0.7056758,-0.5381185,-0.68515164,0.5961405,0.30341846,-0.17555106,0.3851568,-0.46326867,-0.15589103,0.1906451,0.20089838,0.6377724,0.087821215,-0.7719475,-0.39581656,0.19174616,0.41370746,0.49114847,-0.47598904,-0.008829841,-0.121742226,0.5170591,0.1552926,0.3105187,-0.4066084,-0.252352,-0.363401,0.14872295,11,1
-0.96135056,-0.4192495,0.25819337,-0.48304945,-0.57187283,-0.78641176,-0.32274953,0.41657495,-0.7964346,0.67405576,-0.43751082,-0.3410674,-0.7139632,-0.15781061,0.24341708,0.25937673,0.4216143,-0.013734908,-0.6411501,0.76471734,-0.30507326,-0.14153971,-0.20138343,-0.6031966,-0.27368033,-0.20382881,-0.7740526,-0.51983917,-0.6457613,-0.4448842,0.037595715,-0.55276763,-0.09593616,-0.14200193,0.74879813,0.011410084,-0.60836107,-0.6779676,-0.45828292,-0.23277399,-0.64279455,0.20610563,0.2590557,-0.1556285,0.58375347,-0.42809498,-0.34827188,-0.10714857,-0.24217159,0.17496468,-0.11205646,-0.5994873,-0.62442374,-0.092304185,0.6941081,0.5831173,-0.19056581,-0.09099604,0.34234443,0.49909776,-0.23182636,0.3131792,-0.100325845,-0.38361904,-0.22985816,-0.08591357,11,1
-0.743411,-0.29199943,0.41429767,0.25525486,-0.22876172,-0.40908292,-0.26648226,-0.048578553,0.65958333,0.83597666,0.54397863,-0.59497577,0.74618846,0.32689086,-0.45628625,0.37967667,0.19558707,0.44833294,-0.60180724,0.8244258,0.17417198,0.4902911,0.48432842,-0.6881286,0.36683732,0.25830454,0.5236272,0.8160906,-0.036156144,0.76831603,-0.27005765,-0.7211971,-0.4067383,-0.30025733,0.74986565,-0.045153692,0.44590372,0.20803604,0.77759284,0.034545574,0.3072915,0.09551401,0.65583265,-0.16818933,0.25033322,-0.020048462,0.31707215,0.35279748,0.57389003,0.21645015,-0.3388388,0.25001597,-0.10684509,-0.17479785,-0.87107784,-0.81532604,0.67841005,-0.6800613,0.6702525,0.77626026,0.7320849,0.7198928,0.75481045,-0.10486349,0.8206726,0.5997885,2,1
-0.8808408,-0.6225106,0.37709457,-0.2515732,-0.27983886,-0.8325214,-0.7690446,-0.0668285,-0.21118538,0.5034421,-0.38399592,-0.56295264,-0.5982392,-0.50870943,-0.3475458,0.10047368,-0.080330506,-0.1606451,-0.47502607,0.23685656,-0.22138219,0.10841439,-0.318943,-0.69986695,-0.6177763,0.14963147,0.08803419,0.051251356,-0.5667364,0.37841046,-0.31087333,-0.94533443,-0.84858084,-0.1121469,0.73556834,-0.00608988,-0.30348775,-0.3908351,-0.027576843,-0.5133038,-0.27915853,0.51471794,0.44770378,0.23849759,0.6134948,0.36406574,-0.509399,0.39282885,-0.5565063,0.47169217,0.1417347,-0.31810617,-0.6441151,-0.5051861,0.2819189,-0.4743779,0.20413135,-0.48807868,0.754943,0.3407976,0.39437166,0.6339223,-0.2283955,0.11106139,0.5130289,-0.5503006,10,1
-0.9055088,-0.34969652,0.55737096,-0.45926854,-0.4789641,-0.36140832,-0.27612117,0.57198644,-0.8876055,0.123657815,-0.8484037,-0.2930513,-0.7917162,-0.5990253,0.5322405,0.48606557,0.1701497,0.23846997,-0.7043819,0.40449074,-0.03584769,-0.49396998,-0.2665504,-0.5001307,-0.8443288,-0.16377081,-0.60966504,-0.73755914,-0.5931733,-0.2233909,0.5950069,-0.7706828,0.12099186,-0.27184856,0.6986092,0.028424138,-0.77981913,-0.6348189,-0.7004449,-0.5404511,-0.74589616,0.7133014,0.19500917,0.3815061,0.44083622,0.22273605,-0.5043609,0.05676752,-0.7654328,0.45559582,0.42940953,-0.6019023,-0.31530148,0.35323337,0.29151332,0.8460505,0.024530614,-0.22815011,0.67353994,0.058758333,0.39602134,-0.13392764,-0.03996242,0.02371047,-0.3662142,-0.1924756,5,1
-0.4947281,-0.49245355,0.45557642,-0.3088711,-0.30999464,-0.31602827,-0.7293179,0.021168556,-0.09306852,0.44957477,-0.58328426,-0.65317255,-0.28237894,-0.72066915,0.3106891,0.26052016,0.113231905,0.35792586,-0.7134986,0.10165212,-0.1716408,0.71637607,-0.48439905,-0.2623056,-0.21048802,0.53321946,0.22487748,0.35027105,-0.604594,0.8496274,0.28823218,-0.740875,-0.664034,-0.49927932,0.7361643,-0.34499142,-0.27272847,-0.5994205,-0.70541734,-0.47303846,-0.36991084,0.36500648,0.6862218,-0.29540244,0.16231671,0.074066795,-0.4022253,0.17441204,-0.7788442,0.08178647,-0.20174536,0.086448915,-0.37743914,0.166006,0.008345485,-0.589572,0.6849905,-0.25376025,0.22155094,0.396895,0.52897656,0.29735592,0.7716262,-0.50074786,0.5442086,0.4925862,7,1
-0.83489996,-0.5941867,0.65901375,-0.13550954,-0.5599061,-0.59090734,-0.053989276,-0.17153527,-0.32202178,0.7962033,-0.19895105,-0.43094978,-0.017336046,-0.011899017,0.23666751,0.54164654,0.62097013,-0.37895456,-0.5831168,0.48376888,-0.06284133,0.37673086,-0.19585386,-0.6756235,0.37261388,-0.15228654,-0.035119344,0.30066055,-0.5144038,0.35153654,-0.21799022,-0.70306456,-0.37444666,-0.044770006,0.6754684,-0.094714776,0.041964754,-0.22141558,0.03727454,-0.089087956,-0.5698984,0.081299655,0.37039837,-0.10855511,0.40307978,-0.0206102,0.01989935,0.19725613,0.24890724,0.1762242,-0.06289434,-0.15003565,-0.4717597,0.23107406,-0.28799424,0.09461732,0.28127515,-0.23498067,0.23408113,0.66765004,0.100596614,0.5097431,0.2265065,-0.10828797,0.16689247,-0.4049667,13,1
-0.56601167,-0.5038899,0.8033804,0.16465901,-0.54200846,-0.79523987,-0.7839245,0.27773398,-0.5170159,0.5851723,-0.8947949,-0.21981058,-0.8106524,-0.7092528,0.56474686,0.3443584,0.08861839,-0.020967022,-0.7136221,0.36829844,-0.5163025,0.11111729,-0.07901216,-0.6487088,-0.49016425,0.122267425,0.45587546,-0.6255773,-0.31215134,0.24429466,0.47761038,-0.86469513,-0.44495907,0.10546033,0.5628358,0.03605527,-0.509441,-0.75857353,-0.57863975,-0.75924116,-0.27018276,0.7696652,0.26201537,-0.022641946,0.34143952,0.48282656,-0.6676769,0.15827097,-0.8758545,-0.060717598,-0.279444,-0.35689566,-0.65553355,-0.39752907,0.35749066,0.28586695,0.30115727,-0.28709275,0.52280605,0.0070360336,0.5794139,0.01188994,0.16836043,-0.113084026,0.6461252,0.0032260306,7,1
-0.8868104,-0.799976,0.47048002,0.2096828,-0.5065925,-0.53653044,-0.43752897,0.08111954,-0.53007126,0.3930748,-0.5148044,-0.0454464,-0.6720654,-0.059800066,0.29817456,0.48801854,0.4450786,-0.018751837,-0.5324117,0.4140206,0.07793654,0.17768216,-0.13925286,-0.42026517,-0.34873605,0.5880988,0.61734164,-0.4189534,0.08303819,0.34409007,-0.38147613,-0.3725404,-0.2496667,-0.20013724,0.75682604,0.09840094,-0.51339346,-0.71474326,-0.13225964,-0.4595078,-0.5050707,0.2514841,0.49056143,-0.4978687,0.27482253,0.13158433,-0.24393292,0.05541856,-0.48962036,-0.049013007,-0.13938542,-0.021068733,-0.60569227,-0.26196596,0.39669192,0.48327538,0.40335873,-0.609347,0.67459416,-0.101173066,0.50837165,0.30672166,0.5629822,0.0050691343,0.45173904,-0.09673873,7,1
-0.96281826,-0.58441174,-0.015406172,-0.1767407,-0.4132039,-0.012854673,-0.5986512,0.39198646,-0.36287546,0.6362855,-0.68974787,-0.32515037,-0.64725035,-0.17365266,-0.3164688,-0.005895993,0.09175858,-0.34661555,-0.81278425,0.7131391,0.12153199,0.4630306,-0.17673174,-0.5115228,-0.5949057,-0.5041947,-0.81403124,-0.6846159,-0.6352517,-0.5371416,-0.30484146,-0.39723217,-0.5611707,-0.13474979,0.70454705,0.15910286,-0.7733672,-0.5277619,-0.43537188,-0.21039873,-0.56938565,0.34688947,0.26347557,-0.14537041,0.14760578,0.37162143,-0.13959935,0.0952586,-0.105580494,0.66812146,-0.02621354,-0.7189897,-0.5196697,-0.37413996,0.44031444,0.23151617,-0.38140753,-0.599829,0.2362577,0.51448077,0.018664643,0.4202547,0.017579876,-0.20762727,-0.45649296,0.31215516,11,1
-0.93367964,-0.5277459,0.57531875,0.0683822,-0.37338886,-0.2842475,-0.60067075,0.39108273,-0.66063666,0.39878243,-0.80720603,-0.4893211,-0.3972521,-0.12514311,0.729025,0.62250525,0.2575446,0.17203087,-0.7172299,0.4132845,-0.19075996,0.117834516,0.10234703,-0.6907059,-0.7435492,0.10239117,-0.30643106,-0.49183345,-0.4953193,0.3373022,0.6737843,-0.88131917,0.15819734,0.047161378,0.59342563,0.39629966,-0.587657,-0.6311945,-0.7186095,-0.6415014,-0.48412246,0.70921695,-0.22621468,0.54395306,0.73959774,0.117903754,-0.2095989,0.39243525,-0.34836677,0.6870112,0.1037789,-0.7439838,-0.62349904,0.6221697,0.3498055,0.81930757,-0.2937931,-0.63303405,0.69887716,0.0055927797,-0.23577885,0.43644103,0.48734227,-0.2656591,0.14564855,-0.26868334,5,1
-0.8501018,-0.45837918,0.4039236,0.25223333,-0.74990845,0.18338695,-0.5993081,0.12277332,-0.23686238,0.24519117,-0.41242367,0.047998026,0.18931597,-0.0677806,0.13011144,0.40321332,0.24854295,0.2527024,-0.31939772,0.44724265,0.3702031,0.31340995,0.614231,-0.4669878,0.30270362,0.3196083,0.093177214,0.2191362,-0.41653916,0.43194407,-0.2167544,-0.2069177,-0.1250814,-0.4588034,0.36433285,-0.05291009,-0.41508505,-0.5322772,-0.22818269,-0.10606124,-0.3374247,-0.21105216,0.14662823,-0.02159425,0.5913362,-0.10221772,0.38135114,0.2533569,-0.14752504,-0.042176574,-0.07159815,-0.30519456,-0.4131926,0.16125204,-0.41684288,0.7022046,0.26405188,-0.52364844,0.5140761,-0.10440106,0.20831165,0.87100565,0.48359698,-0.5093694,0.084550865,0.45910516,12,1
-0.88639796,-0.62384486,0.52901644,0.3849395,-0.21304747,0.17595324,-0.29383925,0.3841057,-0.2377088,0.6645821,-0.3822274,0.094780296,0.22978126,-0.55780303,0.28889912,0.55040824,0.31139636,0.31113037,-0.53412265,0.7257483,0.47748274,0.5380488,0.2507971,-0.5955067,0.037252422,0.17153133,0.02499763,0.43579593,-0.3025454,0.5845414,0.19315201,-0.72163785,-0.2321217,-0.3942201,0.5614102,0.061387233,-0.48038083,-0.55005723,-0.16854733,-0.556881,-0.3169726,0.10083279,0.13984646,0.0621844,0.7787352,-0.6220375,0.15496784,0.44060922,-0.34774938,0.2631139,-0.053311925,-0.114119306,0.16786665,0.53726745,-0.70173997,0.13362966,0.47656474,-0.59512544,0.23377681,0.38388005,0.4999366,0.73875076,0.3106403,-0.14613195,0.6760346,0.38081163,1,1
-0.7979149,0.0059691556,0.7458369,0.61427546,-0.6447256,-0.16803421,0.6088045,0.6532126,-0.78252643,0.2133799,0.4462373,-0.17151786,0.7081393,0.14014055,0.71985424,0.5721885,0.6003268,-0.07374086,-0.708879,0.4250467,0.5220886,0.09002362,0.3799878,-0.5952687,-0.13652243,-0.49241775,-0.8234202,-0.5637959,-0.41814986,-0.021439128,0.49567407,0.16394185,0.33430618,0.47045022,0.69470924,-0.22292522,0.028322272,0.09697117,-0.17014235,0.3870032,-0.7039991,0.5796031,0.45377174,0.010118586,0.25040016,-0.64785814,0.3284562,-0.38879958,0.42705205,0.52492744,0.7446405,-0.31937888,-0.34418032,0.8305491,-0.30499086,0.7403075,-0.15864746,0.074984975,0.52222437,-0.20121433,-0.03339833,0.60258466,0.30580723,-0.4084548,0.1853592,-0.1447436,8,1
-0.46786755,-0.3666851,0.57552063,0.18124059,-0.4838814,-0.5130223,-0.11839636,0.26126724,0.28301853,0.7977073,-0.06082025,-0.018448047,0.6335508,-0.18092053,-0.30980253,0.49734378,0.6493986,0.69550896,0.041623,0.18170428,0.81529325,-0.035731696,0.74481916,0.28441513,-0.016111141,0.5329792,0.22794591,0.45546836,0.18839045,0.81541085,-0.5939328,-0.3303711,0.069265045,0.21765761,0.70012784,-0.29206097,0.48717993,-0.09199557,0.7783292,-0.46963054,0.60494506,-0.115506805,0.4687508,0.080390655,0.07326958,-0.040261872,0.28216058,0.24887733,-0.25467405,-0.35379258,-0.28301162,0.5007251,-0.13780881,-0.16541573,-0.45656008,-0.026714092,0.2254111,-0.6310201,0.71474034,-0.20280303,0.6675811,-0.03349252,0.791637,0.40564406,0.83085597,0.37783107,4,1
-0.8552304,-0.57110745,0.24696894,-0.37602326,-0.49803385,0.14295484,-0.36544353,0.44149822,-0.14141974,0.52345157,-0.7068842,-0.4820763,-0.7412034,-0.4263838,0.4913257,0.39843246,0.141539,-0.4201554,-0.7889411,0.5571671,-0.026958965,0.002032903,-0.5695421,-0.79760045,-0.5030622,-0.59415454,-0.3967975,-0.57879597,-0.3918777,-0.28924978,0.03177391,-0.7457535,-0.49987876,-0.013646478,0.61001915,-0.059001368,-0.4643894,-0.7550051,-0.6113533,-0.7253646,-0.8246682,0.40476975,0.27185887,0.08616635,0.38972315,-0.32381144,-0.4519132,0.35543147,-0.48940167,-0.07244471,-0.034916088,-0.49914643,-0.64221984,-0.25371602,0.31509477,0.29072386,-0.2779059,-0.23269415,0.31076396,0.37782773,0.20493214,0.24977086,0.08831093,-0.32511708,-0.24873987,-0.18532512,13,1
-0.7251295,-0.3372993,0.18276846,-0.12175718,-0.66299856,-0.004906503,-0.70286685,0.32515186,-0.5148437,-0.09320859,-0.5766193,-0.12923738,-0.19964634,-0.36815628,0.024352875,-0.018517358,0.35459435,0.45064345,-0.58710456,0.30091995,0.1973524,-0.1264388,-0.086333655,-0.2328369,-0.6241312,0.17961954,0.05331085,-0.39627245,-0.564557,-0.022480879,-0.6480935,-0.635806,-0.8257484,-0.38276976,0.7247745,-0.3530422,-0.69070494,-0.72030145,-0.3290229,-0.41536176,-0.354277,-0.10965901,0.418805,0.2857641,0.21958461,0.37107083,-0.59767437,0.1543245,-0.56067073,0.7136721,0.21668524,0.015421598,-0.74728256,-0.26953122,-0.031350788,0.5513065,0.31033114,-0.62240213,0.51735854,-0.3121593,0.5659654,0.6529737,0.5688895,-0.3915864,-0.11520298,0.5296442,12,1
-0.334628,0.047132116,0.3725436,0.8207466,-0.38739052,-0.42932102,0.20542182,0.07827319,0.4815557,0.8395147,0.54692394,0.18283425,0.68498504,0.45824558,-0.083532214,0.36813894,0.6526152,0.38353533,0.17196757,0.20334417,0.7789178,0.20222346,0.83403,0.19900875,0.4116937,0.033344537,-0.15381832,0.63107485,0.3902264,0.59488004,-0.42685834,-0.13756844,0.00699616,0.12680316,0.5665659,-0.038640115,0.39571562,0.64047337,0.64714783,0.3530262,0.36374977,-0.2283526,0.5140434,-0.37787595,0.5622396,-0.2078861,0.49580806,0.46348277,0.22731733,-0.27472898,0.1200684,0.23851243,-0.08183924,0.0598495,-0.5228458,-0.37518457,0.086344264,-0.9069612,0.02721448,-0.057893347,0.511071,0.2667485,0.8153113,0.018310959,0.8960403,0.8732232,4,1
-0.97437465,-0.3736853,0.5707513,-0.053269837,-0.4169415,-0.6524063,-0.61557233,0.36108845,-0.6505835,0.7455203,-0.2648151,-0.30834854,-0.51682854,-0.17932124,0.26988858,-0.1171123,0.044183556,-0.17713258,-0.53295517,0.51034623,-0.51265264,0.07384974,-0.473104,-0.6401203,-0.10648378,-0.50850457,-0.7391613,-0.5522945,-0.6789832,-0.697715,0.045796983,-0.6667328,-0.39358214,0.40317592,0.43111435,0.09001417,-0.357328,-0.1953678,-0.42239997,-0.061103925,-0.1328282,0.5265267,0.22769943,-0.04176751,0.70563734,-0.49546424,-0.4325753,0.44534,0.07441353,0.38525048,-0.32178465,-0.5497767,-0.76855135,0.17069568,0.085995175,0.6020186,-0.3255075,-0.29117274,0.5843572,0.21235308,-0.23778401,0.2404208,0.05706551,-0.48196843,-0.101142034,-0.35799298,11,1
-0.28917912,-0.20261769,-0.13741292,-0.12762593,-0.51455283,-0.023213217,-0.258423,0.12990709,-0.4623943,0.09562864,-0.5218798,-0.36411434,-0.12459353,-0.60704213,0.5604765,0.24276157,0.59958863,-0.22415528,-0.34368184,0.28564742,0.6614992,0.43238884,0.4585984,-0.13026987,-0.15976259,-0.37046713,-0.23996238,-0.4023443,-0.5595872,0.33077347,-0.29476988,-0.6981106,-0.12811534,0.3405515,0.62953603,0.027838679,-0.70993596,-0.64056706,-0.5329807,-0.6075854,0.012469398,0.48420602,-0.035765495,-0.22463594,0.10193711,-0.30389163,-0.49650577,-0.44106793,-0.71978533,0.28367803,-0.27519786,-0.2583812,-0.64767283,-0.03350885,0.49016595,0.6403238,-0.3077308,-0.311997,0.281251,0.10156272,0.7946396,0.58248144,0.51836884,-0.39095008,0.4908189,0.54400235,12,1
-0.95417464,-0.5615606,0.20643598,-0.60969406,-0.63944316,-0.42710653,-0.42032376,-0.12764536,-0.8610889,0.6213774,-0.7219789,-0.2160855,-0.70081735,-0.25941324,-0.038880885,0.2699059,0.40795544,-0.35303617,-0.80153793,0.5436029,-0.29649657,-0.021002721,-0.17656933,-0.5089845,-0.66539145,-0.50999403,-0.7472608,-0.77819425,-0.84113353,-0.62063354,-0.012852214,-0.34189,-0.012576215,-0.23911183,0.63196075,0.014730962,-0.57150656,-0.23136032,-0.21585245,-0.22291163,-0.6004223,0.40431336,0.6139499,-0.2489503,0.6149476,-0.36692956,-0.39598742,0.24901521,-0.13585152,0.37069654,0.14866486,-0.73473215,-0.42322803,-0.03938889,0.7513293,0.88711107,-0.40664244,-0.3106952,0.23522863,0.22815992,0.050243165,0.093083546,-0.41270414,0.3521466,-0.45939636,-0.35027888,11,1
-0.6891699,-0.59635866,0.68514335,-0.012629195,-0.33803475,-0.05648434,-0.65189457,0.33991072,-0.114615954,0.5365265,-0.53594637,-0.1798525,0.19838423,-0.6182092,0.5502109,0.35461384,0.1724162,0.6232654,-0.39010572,0.23435809,0.5321803,0.25830346,0.08611872,-0.07222247,-0.29847425,0.73948586,0.03446755,0.38513133,-0.2942978,0.58255917,-0.19570096,-0.7615121,-0.17068022,-0.36288366,0.6835652,-0.2410106,-0.32835466,-0.44204143,-0.4333703,-0.4928342,0.12923966,0.2997614,0.45663753,0.114150956,0.19372724,0.25702325,-0.26781094,0.4809705,-0.62632257,0.20901655,-0.2335071,0.29524302,-0.3522269,-0.014392872,-0.16520125,0.03920547,0.50907856,-0.61285394,0.6632258,-0.31611988,0.43557736,0.60746634,0.6675389,-0.47422683,0.5869975,0.35152987,1,1
-0.8785963,-0.45082206,0.61027944,0.14481387,-0.3379422,-0.7823474,-0.79437464,0.12749779,-0.22318037,0.5574429,-0.6321741,-0.61127937,-0.7406866,-0.63685536,0.0038870005,0.18968004,0.03657107,0.064395785,-0.28374484,0.35525984,-0.18535846,0.2460592,-0.493559,-0.5316627,-0.50221837,0.14115149,-0.007535911,-0.23630549,-0.35714853,0.20260338,0.48298272,-0.9321647,-0.7703396,-0.12465491,0.80931914,-0.12146567,-0.46552396,-0.6846056,-0.5568275,-0.8423254,-0.6232771,0.67850673,0.28493977,0.30784607,0.35542017,0.5904809,-0.70432395,0.26952034,-0.85767555,0.4907805,0.023025705,-0.18067896,-0.35374913,-0.37031254,0.3116313,-0.2947245,0.2456548,-0.34120485,0.70545787,0.44812644,0.45776457,0.40919295,0.027000297,-0.17374511,0.24379231,-0.15704519,10,1
-0.84987015,-0.55370253,0.36019602,0.27891755,-0.057970498,-0.44855872,-0.37857622,0.10221347,0.19395635,0.833299,-0.32177714,-0.6750782,-0.033229064,0.061280683,-0.34337887,0.7645159,0.14453849,0.110258155,-0.6419197,0.76494104,0.19300233,0.55608165,0.19210473,-0.5995396,0.3625993,0.56765604,-0.09893929,0.25707704,-0.35948327,0.2527906,-0.27609384,-0.64465505,-0.64233035,-0.20345432,0.73445797,0.2548879,0.459527,0.06016249,0.61055064,0.52726537,-0.11501386,-0.016343987,0.66676116,0.1541385,0.20060739,-0.05005208,0.463839,0.27892703,0.43199545,0.5174021,-0.19603482,-0.2650697,-0.27757186,0.26829675,-0.6751016,-0.74984306,0.24882768,-0.8284024,0.2750306,0.42354178,0.321316,0.5259709,0.5421295,-0.36179188,0.18159248,0.0462256,3,1
-0.5738577,-0.4378853,0.6124285,0.6582507,0.14941147,-0.8133471,-0.59002477,0.5035568,0.6815163,0.9186137,0.21540672,-0.5095498,-0.28651544,-0.10042833,0.19475824,0.4065099,0.16942851,0.6983138,0.33089823,0.70361114,0.05693925,0.4682924,0.2854751,-0.7436127,0.47975454,0.6564882,0.49151385,0.7422985,0.28351593,0.8709398,0.33469838,-0.7582169,-0.23561975,0.42524415,0.65775824,0.14278147,0.25354493,0.06819929,-0.4000567,-0.48268086,0.23881923,0.4222898,0.6069892,0.2914639,-0.020139802,-0.37392968,0.5074126,0.853276,0.10244081,-0.013278866,-0.1563693,0.65171874,-0.35828725,-0.11400467,-0.7200705,-0.5960407,0.6097622,-0.5088452,0.7380518,0.069177784,0.43744457,0.78445065,0.79088974,-0.16991103,0.9306631,0.6438834,9,1
-0.538649,0.23417397,0.39576143,0.636405,-0.31989416,-0.38721678,-0.13163336,0.07095733,0.4268975,0.69274926,0.33591744,0.2100791,0.7826907,0.2266025,-0.43304685,0.49669477,0.6190073,0.74577856,0.5246768,0.5271711,0.7588794,-0.1703111,0.8021955,-0.06709252,0.53971076,0.4394871,0.21811098,0.69814926,0.63894016,0.40544534,-0.45037597,0.028691387,0.032804545,0.17052983,0.45665377,-0.45733738,-0.124437355,0.83783513,0.82316315,0.0751067,0.64575016,-0.2929955,0.38200364,-0.15207413,-0.0053405254,-0.040252168,0.8102114,0.5258822,0.21743056,0.045246992,0.2650013,0.44480568,-0.5688168,0.095310524,-0.82313025,-0.4832997,0.46035844,-0.8642316,0.28971028,-0.54516613,0.6518143,0.7823607,0.8674766,0.18552946,0.82593197,0.89636785,4,1
-0.33097315,-0.21036838,0.62404096,0.11025073,0.19879943,-0.5493124,-0.726076,0.41647843,0.7429099,0.83622986,-0.07362872,-0.6944428,-0.18786825,-0.5001608,0.24179791,0.44631597,0.1634455,0.61853737,-0.070769675,0.6567591,0.041795447,0.2583373,-0.0977511,-0.51043826,0.3473308,0.20231292,0.14893411,0.5985181,0.12934393,0.6875546,0.68797594,-0.84964347,0.4035775,0.5854473,0.674055,0.08374541,-0.21777774,-0.12609547,-0.20651466,-0.52922416,0.15820292,0.69054437,0.525349,-0.0156214405,0.5592536,-0.3351315,0.10488053,0.7748064,0.088709265,-0.15074055,-0.21258733,0.6155438,-0.5664778,0.14636478,-0.7491385,-0.645825,0.5330459,-0.04324758,0.503682,-0.062491894,0.57598495,0.52016747,0.83380395,-0.28427407,0.87116796,0.5520857,9,1
-0.88322836,-0.2146581,0.044679478,-0.45612884,-0.518517,-0.06619158,-0.37692195,0.30916178,-0.7209335,0.13214321,-0.683976,0.10089773,-0.045810048,-0.458136,-0.3247011,0.6734021,0.09845503,0.41022384,-0.42690313,0.58318883,0.38233453,0.10029975,0.5378785,-0.51232636,-0.77989554,0.19752195,-0.5625705,-0.49095994,-0.5420496,0.17621148,0.3987619,0.1534248,-0.24338669,-0.22897962,0.3692801,-0.19298375,-0.65764254,0.27528003,0.16994046,-0.10169818,-0.13373324,0.4926407,0.7518789,-0.4678306,0.21807922,-0.40270776,0.10704159,-0.004791577,0.37233332,0.42696652,0.6727966,-0.4896074,-0.62795305,0.08308943,-0.009005274,0.71610594,-0.24640171,-0.2513978,0.75772613,-0.030045127,0.40498453,0.61611545,0.1844282,0.3944327,0.033247564,-0.124363095,14,1
